{
	"miniprogramRoot": "miniprogram/",
	"cloudfunctionRoot": "cloudfunctions/",
	"setting": {
		"urlCheck": true,
		"es6": true,
		"enhance": true,
		"postcss": true,
		"minified": true,
		"newFeature": true,
		"coverView": true,
		"autoAudits": false,
		"showShadowRootInWxmlPanel": true,
		"scopeDataCheck": false,
		"checkInvalidKey": true,
		"checkSiteMap": true,
		"uploadWithSourceMap": true,
		"babelSetting": {
			"ignore": [],
			"disablePlugins": [],
			"outputPath": ""
		},
		"nodeModules": true
	},
	"appid": "wxcd2159005f41e3d1",
	"projectname": "%E6%85%A7%E7%82%B9%E9%A4%90%EF%BC%882",
	"libVersion": "2.14.1",
	"simulatorType": "wechat",
	"simulatorPluginLibVersion": {},
	"condition": {
		"search": {
			"current": -1,
			"list": []
		},
		"conversation": {
			"current": -1,
			"list": []
		},
		"plugin": {
			"current": -1,
			"list": []
		},
		"game": {
			"list": []
		},
		"gamePlugin": {
			"current": -1,
			"list": []
		},
		"miniprogram": {
			"current": 0,
			"list": [
				{
					"id": -1,
					"name": "db guide",
					"pathName": "pages/databaseGuide/databaseGuide",
					"query": ""
				},
				{
					"id": -1,
					"name": "pages/orderSearch/orderSearch",
					"pathName": "pages/orderSearch/orderSearch",
					"query": "",
					"scene": null
				},
				{
					"id": -1,
					"name": "pages/Search/Search",
					"pathName": "pages/Search/Search",
					"query": "",
					"scene": null
				},
				{
					"id": -1,
					"name": "pages/orderSearch/orderSearch",
					"pathName": "pages/orderSearch/orderSearch",
					"query": "",
					"scene": null
				},
				{
					"id": -1,
					"name": "pages/orderMine/orderMine",
					"pathName": "pages/orderMine/orderMine",
					"scene": null
				}
			]
		}
	}
}