{
    "miniprogramRoot": "miniprogram/",
    "cloudfunctionRoot": "cloudfunctions/",
    "setting": {
        "urlCheck": true,
        "es6": true,
        "enhance": true,
        "postcss": true,
        "preloadBackgroundData": false,
        "minified": true,
        "newFeature": true,
        "coverView": true,
        "nodeModules": true,
        "autoAudits": false,
        "showShadowRootInWxmlPanel": true,
        "scopeDataCheck": false,
        "uglifyFileName": false,
        "checkInvalidKey": true,
        "checkSiteMap": true,
        "uploadWithSourceMap": true,
        "compileHotReLoad": false,
        "useMultiFrameRuntime": true,
        "useApiHook": true,
        "useApiHostProcess": false,
        "babelSetting": {
            "ignore": [],
            "disablePlugins": [],
            "outputPath": ""
        },
        "enableEngineNative": false,
        "bundle": false,
        "useIsolateContext": true,
        "useCompilerModule": true,
        "userConfirmedUseCompilerModuleSwitch": false,
        "userConfirmedBundleSwitch": false,
        "packNpmManually": false,
        "packNpmRelationList": [],
        "minifyWXSS": true
    },
    "appid": "wx810c2fab98f1f3d1",
    "projectname": "user_location",
    "libVersion": "2.14.1",
    "condition": {
        "plugin": {
            "list": []
        },
        "game": {
            "list": []
        },
        "gamePlugin": {
            "list": []
        },
        "miniprogram": {
            "list": [
                {
                    "id": -1,
                    "name": "db guide",
                    "pathName": "pages/databaseGuide/databaseGuide",
                    "query": ""
                },
                {
                    "name": "pages/user_location/user_location",
                    "pathName": "pages/user_location/user_location",
                    "query": "",
                    "scene": null
                },
                {
                    "name": "pages/newLocation/newLocation",
                    "pathName": "pages/newLocation/newLocation",
                    "query": "",
                    "scene": null
                },
                {
                    "name": "pages/editLocation/editLocation",
                    "pathName": "pages/editLocation/editLocation",
                    "scene": null
                }
            ]
        }
    }
}